Pharside	https://www.youtube.com/user/pharside
World of Dance Network	https://www.youtube.com/user/WORLDOFDANCETOUR
Ricky Cole	https://www.youtube.com/user/bboyricrawk
Brian Puspos	https://www.youtube.com/user/BrianPuspos
Kyle Hanagami	http://www.youtube.com/user/kylehanagami
Ian Eastwood	https://www.youtube.com/user/DJIcon
WilldaBeast	https://www.youtube.com/user/beast9688
Dejan Tubic	https://www.youtube.com/user/iDejANCE
Poreotics	https://www.youtube.com/user/PoreoticsHD
Di Moon Zhang	https://www.youtube.com/user/marvelousmoon
The Palace Dance Studio	https://www.youtube.com/user/Thepalacedancestudio
Request Dance Crew	https://www.youtube.com/user/ReQuestDanceCrew
Anthony Lee	https://www.youtube.com/user/anflowny
Mike Song	https://www.youtube.com/user/mikeosong
Pacman	https://www.youtube.com/user/pacman
Charles V Nguyen	https://www.youtube.com/user/charlesporeotics
Can Poreotics	https://www.youtube.com/user/poppincan
Law Devera	https://www.youtube.com/user/biglaw
Pat Cruz	https://www.youtube.com/user/impatcruz
Agnes Loyola	https://www.youtube.com/user/agnesloyola
Jekajane Kaloktin	https://www.youtube.com/user/Jekajane
Amanda Grind	https://www.youtube.com/user/AmandaGrind/videos
The Quick Style	https://www.youtube.com/user/TheQuickStyle
JabbaWockeez	https://www.youtube.com/user/thewockeez
MosWantedCrew	https://www.youtube.com/user/MosWantedCrewTV
Bam Martin	https://www.youtube.com/user/brianBAMmartin
Ian Eastwood	https://www.youtube.com/user/DJIcon
Lando Wilkins	https://www.youtube.com/user/LandoWilkins
Vinh Nguyen	https://www.youtube.com/user/v1nhnguyen
Chachi Gonzales	https://www.youtube.com/user/chachi0123
Brandon Harrell	https://www.youtube.com/user/showoff747
IamMEmillodosal	https://www.youtube.com/user/IaMEmiliodosal
JAJAvankova	https://www.youtube.com/user/JAJAvankova
I.am.Me Crew	https://www.youtube.com/user/IaMmECrew
Aye Hasegawa	https://www.youtube.com/user/AyeHasegawa
Ellen Kim	https://www.youtube.com/user/ellenkimCHEEE
Quest Dance Crew	https://www.youtube.com/user/QuestDanceCrew
Steve Terada	https://www.youtube.com/user/SteveTerada
Hokuto Konishi	https://www.youtube.com/user/hokutokonishi
Lyle Beniga	https://www.youtube.com/user/BNGATV
Urban Dance Camp	https://www.youtube.com/user/UrbanDanceCamp
Urban Dance Show	https://www.youtube.com/user/UrbanDanceShow
Isiah Munoz	https://www.youtube.com/user/IsiahMusicality
Official Body Rock SD	https://www.youtube.com/user/OfficialBodyRockSD
Gerald Nonadoez	https://www.youtube.com/user/geraldnonadoez
Sh*tkingz	https://www.youtube.com/user/stkgz
Nick Demoura	https://www.youtube.com/user/demoura
Soreal Studio PAC	https://www.youtube.com/user/SorealStudioTV
Andrew Baterina	http://www.youtube.com/user/andrewbaterina
Emanon Dance Company	https://www.youtube.com/user/EmanonDanceCompany
JackieLautchang	https://www.youtube.com/user/JackieLautchang
Keone and Mari	https://www.youtube.com/user/keoneANDmari
Megan Batoon	https://www.youtube.com/user/MeganBatoon
Mr. Wiggles	https://www.youtube.com/user/MRWIGGLESEB
Soundbox Studios	https://www.youtube.com/user/soundboxtx
The Hip Drop	https://www.youtube.com/user/TheHipDrop
Fair Play Crew	https://www.youtube.com/user/fairplaycrew
Nico O'connor	https://www.youtube.com/user/nicaxtinoboi7
Break da Beat Crew	https://www.youtube.com/user/breakdabeatcrew
Funkanometry SF	https://www.youtube.com/user/funkanometrysf
Leroy Curwood	https://www.youtube.com/user/LeroytheDancer
Movement Lifestyle	https://www.youtube.com/user/MovementLifestyle
Prepix Haw	https://www.youtube.com/user/hawoosin
N.ough Italy	https://www.youtube.com/user/AlessandroSteri
Official HHI	https://www.youtube.com/user/OfficialHHI
Matthew Tseng	https://www.youtube.com/user/pascpunk23
Gigi Torres	https://www.youtube.com/user/gigitorres
YAK Films	https://www.youtube.com/user/YAKfilms
Snowglobe Perspective	https://www.youtube.com/channel/UC0YumJZc8HyQG6GPd9YQzhg
Les Twins	https://www.youtube.com/user/OfficialLesTwins
YAK Battles	https://www.youtube.com/user/YAKbattles
Elektrolytes Dance Crew	https://www.youtube.com/user/ElektrolytesHD
Alan Truong	https://www.youtube.com/user/alantru0ng
The ArchiTEKS	https://www.youtube.com/user/TheArchiTEKS
Pat Lam	https://www.youtube.com/user/patricklam
Andye J	https://www.youtube.com/user/andye1221
Joesar Alva	https://www.youtube.com/user/joesar
Kenya Clay	https://www.youtube.com/user/rainbowfysh
Brandon Dumblao	https://www.youtube.com/user/brandondumlao87
Laura Edwards	https://www.youtube.com/user/LMELaura
Krystal Meraz	https://www.youtube.com/user/krystalmeraz
Luther Brown	https://www.youtube.com/user/lutherbrownonline
Lee Daniel	https://www.youtube.com/user/lad3
Tony Czar	https://www.youtube.com/user/TheREALTonyCzar
Kevin Maher	https://www.youtube.com/user/kmaher56
Jayson Wright	https://www.youtube.com/user/JaysonWright
David Moore	https://www.youtube.com/user/davidmooretv
Chapkis Dance USA	https://www.youtube.com/user/ChapkisDanceUSA
Bryan Tanaka	https://www.youtube.com/user/BryanTanaka
Galen Hooks	https://www.youtube.com/user/squaww03
Matt Steffanina	https://www.youtube.com/user/MattSDance
Dancing With the Stars	https://www.youtube.com/user/ABCDWTS
Pro Dance TV	https://www.youtube.com/user/BBOYCHAMPIONSHIPS
R16 Korea	https://www.youtube.com/user/R16KOREA
Stance	https://www.youtube.com/user/stanceelements
BBOY World	https://www.youtube.com/user/RONATOUNE
Strife TV	https://www.youtube.com/user/strifetv
Battle of the Year	https://www.youtube.com/user/BOTYTV
Strife Battle	https://www.youtube.com/user/strifebattles
Sorah Yang	https://www.youtube.com/user/sorahyang
Andrew Baterina	https://www.youtube.com/user/andrewbaterina
Jawn Ha	https://www.youtube.com/user/JawnHizzaw
Antoine Troupe	https://www.youtube.com/user/AntoineTroupe
Karon Lynn	https://www.youtube.com/user/KaronLynnTV
Parris Goebel	https://www.youtube.com/user/BGPOPA
Monsters of Hip Hop	https://www.youtube.com/user/BGPOPA
Jose Hollyowood	https://www.youtube.com/user/jrdance7
Brian Freidman	https://www.youtube.com/user/bfree77
Jannelle G	https://www.youtube.com/user/MissJanelleG/featured
Miguel Zarate	https://www.youtube.com/user/mzarate
Kevin Maher	https://www.youtube.com/user/kmaher56
Luam Keflezgy	https://www.youtube.com/user/luamworld
Hip Hop International	https://www.youtube.com/channel/UCdc8kmOtcZLsHITRP3P4GTQ
Bboy Network	https://www.youtube.com/user/BboyNetwork