TriumphNorthAmerica	http://www.youtube.com/user/TriumphNorthAmerica
Toyota USA	http://www.youtube.com/user/ToyotaUSA
LUXGEN .Channel	http://www.youtube.com/user/channelluxgen
Volkswagen USA	https://www.youtube.com/channel/UC5vFx0GahDIWLMFm5j2_JZA
FIAT USA	http://www.youtube.com/channel/UCit9X9KT2rmW7IIzQs4cdIw
HyundaiUSA	http://www.youtube.com/channel/UCx_eAZKDceT1yaY4bRo636A
Tesla Motors	http://www.youtube.com/user/TeslaMotors
Peugeot	http://www.youtube.com/channel/UC1VOZroPEnEaDDEqnMtdgiw
Porsche	http://www.youtube.com/channel/UC_BaxRhNREI_V0DVXjXDALA
Maserati	http://www.youtube.com/channel/UCrragB5FbqfGKWyXoD-UAEg
Mercedes-Benz	http://www.youtube.com/user/MercedesBenzTV
McLaren	http://www.youtube.com/channel/UC8dxVgZl9u5HeCOXnosCtuQ
Mazda USA	http://www.youtube.com/channel/UC0Ihuy4gj2w-AYEQXRnUdUA
Chevrolet's Channel	http://www.youtube.com/user/Chevrolet
nissanusa	http://www.youtube.com/channel/UCMZh9kMjQ6Yc_JuCNIp1UDw
SUZUKI Way of LIfe!	http://www.youtube.com/user/GlobalSuzukiChannel
Citroen Racing	http://www.youtube.com/user/citroenwrt
BMW	http://www.youtube.com/user/BMW
Chrysler	http://www.youtube.com/user/chrysler
Honda	http://www.youtube.com/channel/UC22zQ9nBEk6KOjUWqR5XXZg
Kia Motors America	http://www.youtube.com/channel/UCbp3o7U6oSa6s-LQBZvOnGg
Renault	http://www.youtube.com/channel/UCjpe-FourUgOLzzPu9qV4qg
MINI	http://www.youtube.com/channel/UCuCQXqQLAQuTObCGlTYDE3w
Lamborghini	http://www.youtube.com/channel/UC9DXZC8BCDOW6pYAQKgozqw
Opel	http://www.youtube.com/channel/UCSr5PuKiJ5Zi00zfsiT-7jA
LexusVehicles	http://www.youtube.com/channel/UCEDHfFp2GZonrhuAaz7VjPw
Land Rover	http://www.youtube.com/channel/UCZANLEnWKjMbuIkCtDUOqlA
Bentley Motors	http://www.youtube.com/user/bentleymotors
SKODA	http://www.youtube.com/channel/UCjG24cC7xIEkVtxKdhHDwtg
Daihatsu Sahabatku	http://www.youtube.com/user/DaihatsuSahabatku
Infiniti USA	http://www.youtube.com/user/Infiniti
Ford	http://www.youtube.com/channel/UCKA96UxTdgFBwGZMGZ-135w
Buick	http://www.youtube.com/channel/UCZmCWjcFeojrg_s3bN2Ek4w
Jaguar	http://www.youtube.com/channel/UCU3MVTYYP82UKA9I_WDpRGw
MITSUBISHI MOTORS TW	http://www.youtube.com/user/love30car
BMWi	http://www.youtube.com/user/BMWi
Volvo Cars	http://www.youtube.com/user/VolvoCarsNews
Aston Martin	http://www.youtube.com/user/AstonMartin
Jeep mideast	http://www.youtube.com/user/JeepMideast
Rolls-Royce Motor Cars	http://www.youtube.com/user/RollsRoyceMotorCars
smart	https://www.youtube.com/channel/UCJsZpxZGgpvgn4sF2Rs6l9g
Alfa Romeo	http://www.youtube.com/user/AlfaRomeoJP
Cadillac	http://www.youtube.com/user/cadillac
Proton Australia	http://www.youtube.com/user/protonaus
AlfaRomeoUK	http://www.youtube.com/user/alfaromeouk
SubaruGlobalTV	http://www.youtube.com/user/SubaruGlobalTV