龙斌大话电影	https://www.youtube.com/playlist?list=PLnQTmrTdfHslE-pZqaaDWb_iLNr_OALHr
《暴走大事件》第三季	https://www.youtube.com/playlist?list=PLOrh-NO4f9T6yHxoQcM7coq_CWMo-JbMl
飛碟說	https://www.youtube.com/playlist?list=PL-7Cjkr0sra_XHqGqfA-A0I7LCrTGzZNZ
知識永動機	https://www.youtube.com/playlist?list=PL-7Cjkr0sra_QVcLpLNOIGFN_hK3qCx51
性愛大師	https://www.youtube.com/playlist?list=PL-7Cjkr0sra_mY-OTzYbqpEVUUjFQqubW
產品大爆炸	https://www.youtube.com/playlist?list=PL-7Cjkr0sra8AMgZSiOulEZbny9R4dwXi
戀愛大過天	https://www.youtube.com/playlist?list=PL-7Cjkr0sra8Q2UJm9xqrKFPU_ZLf40Xz
飛碟一分鐘	https://www.youtube.com/playlist?list=PL-7Cjkr0sra88i49hxoHJ6rSnuqVVoVEW
明明白白我的性	https://www.youtube.com/playlist?list=PLGNYV48_Z6Vzdf6FfMd8roCFcwFGUC8UL
贱鸡行事·第二季	https://www.youtube.com/playlist?list=PLsisJiRhThYK1zOkVz8gLgfdhmkJIKlOv
每日一暴	https://www.youtube.com/playlist?list=PLqc7VX_R7fy54PDw0Ofb80aJ5YnD3__Yz
日食記	https://www.youtube.com/user/dailycuisine/videos
侣行 On the Roadm 第二季	https://www.youtube.com/playlist?list=PLLZqjHDCazG5zm07ZrCoX7DFuVBE8tsdO
万万没想到 第二季	https://www.youtube.com/playlist?list=PLDM6sG6MlPd6fciX2tIQ5q-3S5r0hh4XM
Miss puff泡芙小姐 第五季	https://www.youtube.com/playlist?list=PLrA6_Qj8X1XH_WhcU8K0RcMPAnkgMMWPp
羅小黑戰記	https://www.youtube.com/user/luoxiaohei
《水浒学院》网络首部爆力美学剧	https://www.youtube.com/playlist?list=PLxhXDJLk9OWdrs7s-Aw1wqDvbpE6TRMUq
蕾女心經	https://www.youtube.com/playlist?list=PLIx8QniXH-rFrv6LdKCXvKxR0Nkylz5tb
光環之後	https://www.youtube.com/playlist?list=PLIx8QniXH-rGwZE8DdXDTW_yyGPj3eWVS
PMAM	https://www.youtube.com/playlist?list=PLIx8QniXH-rFa_ZqCTBT-gb_XzhgzSbXI
《PM10-AM3》	https://www.youtube.com/playlist?list=PLIx8QniXH-rFwhN_yKulTTkhQrLbdRWI0
Xgirl	https://www.youtube.com/playlist?list=PLIx8QniXH-rGQFI12ypMPZtvKu0Yi_7R2
型色男女	https://www.youtube.com/watch?v=_MNpLNBZcR0&list=PLIx8QniXH-rF16xOYWNujOiOBCZZhH-ba
唐朝好男人	https://www.youtube.com/watch?v=3SMqMhHvO6E&list=PLIx8QniXH-rGM_AVHBzmmi5q1oFPRbmhn