Sky Movies	https://www.youtube.com/user/SkyMoviesOfficial/featured
HappyCool	https://www.youtube.com/user/daemonsmedia/featured
Rotten Tomatoes	https://www.youtube.com/user/rottentomatoes/featured
CinemaSins	https://www.youtube.com/user/CinemaSins/featured
Clevver Movies	https://www.youtube.com/user/ClevverMovies/featured
Movie Clips	https://www.youtube.com/user/movieclips
WarnerBrosPictures	https://www.youtube.com/user/WarnerBrosPictures
SonyPictures	https://www.youtube.com/user/SonyPictures
hollywoodstreams	https://www.youtube.com/user/hollywoodstreams/featured
Fresh Movie Trailers	https://www.youtube.com/user/FilmsActuTrailers/featured
FilmTrailerZone	https://www.youtube.com/user/FilmTrailerZone/featured
Paramount	https://www.youtube.com/user/Paramount
Top Documentaries	https://www.youtube.com/user/DocumentariesNews/featured
Film Festivals and Indie Films	https://www.youtube.com/user/FilmFestivalVideos
MOVIECLIPS Trailers	https://www.youtube.com/user/movieclipsTRAILERS
Pop Up Trailers	https://www.youtube.com/user/popuptrailer/videos
MOVIES Coming Soon	https://www.youtube.com/user/MovieclipsCOMINGSOON/featured
iamrogue	https://www.youtube.com/user/iamrogue/featured
Focus Features	https://www.youtube.com/user/FocusFeatures/featured
Disneyâ€¢Pixar	https://www.youtube.com/user/DisneyPixar/featured
Disney Movie Trailers	https://www.youtube.com/user/DisneyMovieTrailers/featured